base_model_name,num_layers,val_acc,val_loss,tn0,fp0,fn0,tp0,recall0,precision0,specificity0,tn1,fp1,fn1,tp1,recall1,precision1,specificity1,tn2,fp2,fn2,tp2,recall2,precision2,specificity2
vgg16,3,0.6955645084381104,20.992942810058594,366,30,36,64,0.64,0.6808510638297872,0.9242424242424242,248,51,67,130,0.6598984771573604,0.7182320441988951,0.8294314381270903,227,70,48,151,0.7587939698492462,0.6832579185520362,0.7643097643097643
vgg16,5,0.39919355511665344,1.0974866151809692,396,0,100,0,0.0,,1.0,1,298,0,197,1.0,0.397979797979798,0.0033444816053511705,297,0,198,1,0.005025125628140704,1.0,1.0
vgg19,5,0.19959677755832672,1.0992501974105835,0,397,0,99,1.0,0.19959677419354838,0.0,297,0,199,0,0.0,,1.0,298,0,198,0,0.0,,1.0
resnet50,5,0.39919355511665344,1.0984196662902832,398,0,98,0,0.0,,1.0,0,298,0,198,1.0,0.39919354838709675,0.0,296,0,200,0,0.0,,1.0
