base_model_name,num_layers,val_acc,val_loss,tn0,fp0,fn0,tp0,recall0,precision0,specificity0,tn1,fp1,fn1,tp1,recall1,precision1,specificity1,tn2,fp2,fn2,tp2,recall2,precision2,specificity2
vgg16,3,0.6955645084381104,20.992942810058594,366,30,36,64,0.64,0.6808510638297872,0.9242424242424242,248,51,67,130,0.6598984771573604,0.7182320441988951,0.8294314381270903,227,70,48,151,0.7587939698492462,0.6832579185520362,0.7643097643097643
