,loss,acc,val_loss,val_acc
0,0.6475037932395935,0.7737500071525574,0.5237243175506592,0.8266666531562805
1,0.38693922758102417,0.8689583539962769,0.4943048059940338,0.8241666555404663
2,0.28839510679244995,0.9022916555404663,0.5443631410598755,0.8383333086967468
3,0.22605285048484802,0.9262499809265137,0.5632708668708801,0.8383333086967468
4,0.19377295672893524,0.9420833587646484,0.6289888620376587,0.8324999809265137
5,0.17503759264945984,0.9481250047683716,0.7005612254142761,0.8391666412353516
6,0.15430182218551636,0.9539583325386047,0.7008873820304871,0.8324999809265137
