,loss,acc,val_loss,val_acc
0,13.303967475891113,0.6416666507720947,0.6818779110908508,0.49166667461395264
1,0.6058111786842346,0.5520833134651184,0.8538800477981567,0.5416666865348816
2,0.632453978061676,0.6312500238418579,0.6647550463676453,0.5
3,0.586445152759552,0.5729166865348816,0.5839385986328125,0.6333333253860474
4,0.5606650710105896,0.7270833253860474,1.165634274482727,0.7666666507720947
5,0.6423441171646118,0.768750011920929,0.6745931506156921,0.6166666746139526
6,0.5696618556976318,0.7145833373069763,0.661450982093811,0.550000011920929
7,0.4901348054409027,0.7562500238418579,1.1484185457229614,0.7250000238418579
8,0.47537100315093994,0.8062499761581421,1.4687066078186035,0.7166666388511658
